{"cameraMode":{"drawMode":0,"name":"Shaded","section":"Shading Mode"},"sceneLighting":false,"audioPlay":false,"sceneViewState":{"m_AlwaysRefresh":false,"showFog":true,"showSkybox":false,"showFlares":true,"showImageEffects":true,"showParticleSystems":true,"showVisualEffectGraphs":true,"m_FxEnabled":true},"in2DMode":false,"pivot":{"x":1.7600153684616089,"y":1.465425968170166,"z":-42.46989440917969},"rotation":{"x":-0.3120943605899811,"y":0.008832598105072976,"z":-0.0029014593455940487,"w":-0.9500096440315247},"size":9.151440620422364,"orthographic":false}