{"cameraMode":{"drawMode":0,"name":"Shaded","section":"Shading Mode"},"sceneLighting":false,"audioPlay":false,"sceneViewState":{"m_AlwaysRefresh":false,"showFog":true,"showSkybox":false,"showFlares":true,"showImageEffects":true,"showParticleSystems":true,"showVisualEffectGraphs":true,"m_FxEnabled":true},"in2DMode":false,"pivot":{"x":-1.251230239868164,"y":44.880462646484378,"z":-32.43172073364258},"rotation":{"x":-0.37630921602249148,"y":-0.00250420393422246,"z":0.0010173284681513906,"w":-0.9264940023422241},"size":36.575897216796878,"orthographic":false}