{"cameraMode":{"drawMode":0,"name":"Shaded","section":"Shading Mode"},"sceneLighting":false,"audioPlay":false,"sceneViewState":{"m_AlwaysRefresh":false,"showFog":true,"showSkybox":false,"showFlares":true,"showImageEffects":true,"showParticleSystems":true,"showVisualEffectGraphs":true,"m_FxEnabled":true},"in2DMode":false,"pivot":{"x":-0.5338718295097351,"y":38.130645751953128,"z":-33.563194274902347},"rotation":{"x":-0.29723814129829409,"y":-0.008309450931847096,"z":0.0025871091056615116,"w":-0.9547677040100098},"size":16.088882446289064,"orthographic":false}