{"cameraMode":{"drawMode":0,"name":"Shaded","section":"Shading Mode"},"sceneLighting":false,"audioPlay":false,"sceneViewState":{"m_AlwaysRefresh":false,"showFog":true,"showSkybox":false,"showFlares":true,"showImageEffects":true,"showParticleSystems":true,"showVisualEffectGraphs":true,"m_FxEnabled":true},"in2DMode":false,"pivot":{"x":-1.0144069194793702,"y":36.937171936035159,"z":-34.65052795410156},"rotation":{"x":-0.27655717730522158,"y":-0.0025974400341510774,"z":0.0007477031322196126,"w":-0.9609978795051575},"size":13.148236274719239,"orthographic":false}