{"cameraMode":{"drawMode":0,"name":"Shaded","section":"Shading Mode"},"sceneLighting":false,"audioPlay":false,"sceneViewState":{"m_AlwaysRefresh":false,"showFog":true,"showSkybox":false,"showFlares":true,"showImageEffects":true,"showParticleSystems":true,"showVisualEffectGraphs":true,"m_FxEnabled":true},"in2DMode":false,"pivot":{"x":-0.4781092703342438,"y":48.647220611572269,"z":-27.50922203063965},"rotation":{"x":-0.0976540818810463,"y":-0.0003014950780197978,"z":0.00002971820140373893,"w":-0.9952251315116882},"size":0.12740708887577058,"orthographic":false}