{"cameraMode":{"drawMode":0,"name":"Shaded","section":"Shading Mode"},"sceneLighting":false,"audioPlay":false,"sceneViewState":{"m_AlwaysRefresh":false,"showFog":true,"showSkybox":false,"showFlares":true,"showImageEffects":true,"showParticleSystems":true,"showVisualEffectGraphs":true,"m_FxEnabled":true},"in2DMode":false,"pivot":{"x":10.720000267028809,"y":0.8824547529220581,"z":-0.3045799732208252},"rotation":{"x":-0.12674973905086518,"y":-0.21512797474861146,"z":0.028171062469482423,"w":-0.9679198861122131},"size":1.232182502746582,"orthographic":false}